{
  "libARDiscovery": 2.451719045639038, 
  "libARMavlink": 6.76796293258667, 
  "libARDataTransfer": 18.989886045455933, 
  "libARStream": 14.591564178466797, 
  "Samples": 5.7221479415893555, 
  "libARStream2": 1.6752710342407227, 
  "arsdk_products": 5.149972200393677, 
  "ARSDKBuildUtils": 1.9618351459503174, 
  "libARCommands": 3.3156208992004395, 
  "libARNetworkAL": 1.3424828052520752, 
  "alchemy": 2.963618040084839, 
  "libARSAL": 1.506990909576416, 
  "ARSDKTools": 7.815335988998413, 
  "libARNetwork": 1.591897964477539, 
  "libARUpdater": 18.73472809791565, 
  "libARController": 2.2195069789886475, 
  "ARSDK3": 2.999282121658325, 
  "libARUtils": 2.698050022125244, 
  "libARMedia": 10.745504140853882
}